{
	"info": {
		"_postman_id": "1494cced-c844-4349-900d-0c1fffbdb56e",
		"name": "com600_2_event_service_go",
		"schema": "https://schema.getpostman.com/json/collection/v2.1.0/collection.json",
		"_exporter_id": "43535365",
		"_collection_link": "https://cesarmiranda-6175305.postman.co/workspace/Cesar-Miranda's-Workspace~eafdfbc2-7530-439b-8999-83c06641b5b2/collection/43535365-1494cced-c844-4349-900d-0c1fffbdb56e?action=share&source=collection_link&creator=43535365"
	},
	"item": [
		{
			"name": "obtener todos los eventos",
			"request": {
				"method": "GET",
				"header": [],
				"url": {
					"raw": "{{_2_event_service}}events",
					"host": [
						"{{_2_event_service}}events"
					]
				}
			},
			"response": []
		},
		{
			"name": "Crear un nuevo evento",
			"request": {
				"auth": {
					"type": "bearer",
					"bearer": [
						{
							"key": "token",
							"value": "{{token}}",
							"type": "string"
						}
					]
				},
				"method": "POST",
				"header": [],
				"body": {
					"mode": "raw",
					"raw": "{\r\n  \"name\": \"Concierto de Ejemplo\",\r\n  \"description\": \"Un evento musical increíble\",\r\n  \"date\": \"2023-12-31T20:00:00Z\",\r\n  \"location\": \"Estadio Nacional\",\r\n  \"capacity\": 1000,\r\n  \"price\": 50.99\r\n}",
					"options": {
						"raw": {
							"language": "json"
						}
					}
				},
				"url": {
					"raw": "{{_2_event_service}}events",
					"host": [
						"{{_2_event_service}}events"
					]
				}
			},
			"response": []
		},
		{
			"name": "Obtener evento por ID",
			"request": {
				"method": "GET",
				"header": [],
				"url": {
					"raw": "{{_2_event_service}}events/{{id}}",
					"host": [
						"{{_2_event_service}}events"
					],
					"path": [
						"{{id}}"
					]
				}
			},
			"response": []
		},
		{
			"name": "Actualizar evento",
			"request": {
				"method": "PUT",
				"header": [],
				"body": {
					"mode": "raw",
					"raw": "{\r\n  \"name\": \"Concierto de Actualizado1\",\r\n  \"description\": \"Un evento musical increíble\",\r\n  \"date\": \"2023-12-31T20:00:00Z\",\r\n  \"location\": \"Estadio Nacional\",\r\n  \"capacity\": 1000,\r\n  \"price\": 50.99\r\n}",
					"options": {
						"raw": {
							"language": "json"
						}
					}
				},
				"url": {
					"raw": "{{_2_event_service}}events/{{id}}",
					"host": [
						"{{_2_event_service}}events"
					],
					"path": [
						"{{id}}"
					]
				}
			},
			"response": []
		},
		{
			"name": "Eliminar evento",
			"request": {
				"auth": {
					"type": "bearer",
					"bearer": [
						{
							"key": "token",
							"value": "{{token}}",
							"type": "string"
						}
					]
				},
				"method": "DELETE",
				"header": [],
				"url": {
					"raw": "{{_2_event_service}}events/{{id}}",
					"host": [
						"{{_2_event_service}}events"
					],
					"path": [
						"{{id}}"
					]
				}
			},
			"response": []
		}
	]
}