{
    "swagger": "2.0",
    "info": {
        "description": "API para la gestión de eventos del sistema de venta de entradas",
        "title": "Eventos Service API",
        "termsOfService": "http://swagger.io/terms/",
        "contact": {
            "name": "API Support",
            "url": "http://www.example.com/support",
            "email": "support@example.com"
        },
        "license": {
            "name": "Apache 2.0",
            "url": "http://www.apache.org/licenses/LICENSE-2.0.html"
        },
        "version": "1.0"
    },
    "host": "localhost:8082",
    "basePath": "/api/v1",
    "paths": {
        "/events": {
            "get": {
                "description": "Retorna una lista de todos los eventos",
                "consumes": [
                    "application/json"
                ],
                "produces": [
                    "application/json"
                ],
                "tags": [
                    "events"
                ],
                "summary": "Obtener todos los eventos",
                "parameters": [
                    {
                        "type": "boolean",
                        "description": "Solo eventos activos (default: true)",
                        "name": "active",
                        "in": "query"
                    }
                ],
                "responses": {
                    "200": {
                        "description": "OK",
                        "schema": {
                            "type": "array",
                            "items": {
                                "$ref": "#/definitions/models.EventResponse"
                            }
                        }
                    },
                    "500": {
                        "description": "Internal Server Error",
                        "schema": {
                            "type": "object",
                            "additionalProperties": {
                                "type": "string"
                            }
                        }
                    }
                }
            },
            "post": {
                "security": [
                    {
                        "BearerAuth": []
                    }
                ],
                "description": "Crea un nuevo evento con los datos proporcionados",
                "consumes": [
                    "application/json"
                ],
                "produces": [
                    "application/json"
                ],
                "tags": [
                    "events"
                ],
                "summary": "Crear un nuevo evento",
                "parameters": [
                    {
                        "description": "Datos del evento",
                        "name": "event",
                        "in": "body",
                        "required": true,
                        "schema": {
                            "$ref": "#/definitions/models.CreateEventRequest"
                        }
                    }
                ],
                "responses": {
                    "201": {
                        "description": "Created",
                        "schema": {
                            "$ref": "#/definitions/models.EventResponse"
                        }
                    },
                    "400": {
                        "description": "Bad Request",
                        "schema": {
                            "type": "object",
                            "additionalProperties": {
                                "type": "string"
                            }
                        }
                    },
                    "401": {
                        "description": "Unauthorized",
                        "schema": {
                            "type": "object",
                            "additionalProperties": {
                                "type": "string"
                            }
                        }
                    },
                    "403": {
                        "description": "Forbidden",
                        "schema": {
                            "type": "object",
                            "additionalProperties": {
                                "type": "string"
                            }
                        }
                    },
                    "500": {
                        "description": "Internal Server Error",
                        "schema": {
                            "type": "object",
                            "additionalProperties": {
                                "type": "string"
                            }
                        }
                    }
                }
            }
        },
        "/events/{id}": {
            "get": {
                "description": "Retorna un evento específico por su ID",
                "consumes": [
                    "application/json"
                ],
                "produces": [
                    "application/json"
                ],
                "tags": [
                    "events"
                ],
                "summary": "Obtener un evento por ID",
                "parameters": [
                    {
                        "type": "string",
                        "description": "ID del evento",
                        "name": "id",
                        "in": "path",
                        "required": true
                    }
                ],
                "responses": {
                    "200": {
                        "description": "OK",
                        "schema": {
                            "$ref": "#/definitions/models.EventResponse"
                        }
                    },
                    "404": {
                        "description": "Not Found",
                        "schema": {
                            "type": "object",
                            "additionalProperties": {
                                "type": "string"
                            }
                        }
                    },
                    "500": {
                        "description": "Internal Server Error",
                        "schema": {
                            "type": "object",
                            "additionalProperties": {
                                "type": "string"
                            }
                        }
                    }
                }
            },
            "put": {
                "security": [
                    {
                        "BearerAuth": []
                    }
                ],
                "description": "Actualiza un evento con los datos proporcionados",
                "consumes": [
                    "application/json"
                ],
                "produces": [
                    "application/json"
                ],
                "tags": [
                    "events"
                ],
                "summary": "Actualizar un evento existente",
                "parameters": [
                    {
                        "type": "string",
                        "description": "ID del evento",
                        "name": "id",
                        "in": "path",
                        "required": true
                    },
                    {
                        "description": "Datos actualizados del evento",
                        "name": "event",
                        "in": "body",
                        "required": true,
                        "schema": {
                            "$ref": "#/definitions/models.UpdateEventRequest"
                        }
                    }
                ],
                "responses": {
                    "200": {
                        "description": "OK",
                        "schema": {
                            "$ref": "#/definitions/models.EventResponse"
                        }
                    },
                    "400": {
                        "description": "Bad Request",
                        "schema": {
                            "type": "object",
                            "additionalProperties": {
                                "type": "string"
                            }
                        }
                    },
                    "401": {
                        "description": "Unauthorized",
                        "schema": {
                            "type": "object",
                            "additionalProperties": {
                                "type": "string"
                            }
                        }
                    },
                    "403": {
                        "description": "Forbidden",
                        "schema": {
                            "type": "object",
                            "additionalProperties": {
                                "type": "string"
                            }
                        }
                    },
                    "404": {
                        "description": "Not Found",
                        "schema": {
                            "type": "object",
                            "additionalProperties": {
                                "type": "string"
                            }
                        }
                    },
                    "500": {
                        "description": "Internal Server Error",
                        "schema": {
                            "type": "object",
                            "additionalProperties": {
                                "type": "string"
                            }
                        }
                    }
                }
            },
            "delete": {
                "security": [
                    {
                        "BearerAuth": []
                    }
                ],
                "description": "Marca un evento como inactivo (borrado lógico)",
                "consumes": [
                    "application/json"
                ],
                "produces": [
                    "application/json"
                ],
                "tags": [
                    "events"
                ],
                "summary": "Eliminar un evento",
                "parameters": [
                    {
                        "type": "string",
                        "description": "ID del evento",
                        "name": "id",
                        "in": "path",
                        "required": true
                    }
                ],
                "responses": {
                    "204": {
                        "description": "No Content"
                    },
                    "401": {
                        "description": "Unauthorized",
                        "schema": {
                            "type": "object",
                            "additionalProperties": {
                                "type": "string"
                            }
                        }
                    },
                    "403": {
                        "description": "Forbidden",
                        "schema": {
                            "type": "object",
                            "additionalProperties": {
                                "type": "string"
                            }
                        }
                    },
                    "404": {
                        "description": "Not Found",
                        "schema": {
                            "type": "object",
                            "additionalProperties": {
                                "type": "string"
                            }
                        }
                    },
                    "500": {
                        "description": "Internal Server Error",
                        "schema": {
                            "type": "object",
                            "additionalProperties": {
                                "type": "string"
                            }
                        }
                    }
                }
            }
        }
    },
    "definitions": {
        "models.CreateEventRequest": {
            "type": "object",
            "required": [
                "capacity",
                "date",
                "location",
                "name",
                "price"
            ],
            "properties": {
                "capacity": {
                    "type": "integer",
                    "minimum": 1
                },
                "date": {
                    "type": "string"
                },
                "description": {
                    "type": "string"
                },
                "location": {
                    "type": "string"
                },
                "name": {
                    "type": "string"
                },
                "price": {
                    "type": "number",
                    "minimum": 0
                }
            }
        },
        "models.EventResponse": {
            "type": "object",
            "properties": {
                "capacity": {
                    "type": "integer"
                },
                "created_at": {
                    "type": "string"
                },
                "date": {
                    "type": "string"
                },
                "description": {
                    "type": "string"
                },
                "id": {
                    "type": "string"
                },
                "is_active": {
                    "type": "boolean"
                },
                "location": {
                    "type": "string"
                },
                "name": {
                    "type": "string"
                },
                "price": {
                    "type": "number"
                }
            }
        },
        "models.UpdateEventRequest": {
            "type": "object",
            "properties": {
                "capacity": {
                    "type": "integer",
                    "minimum": 0
                },
                "date": {
                    "type": "string"
                },
                "description": {
                    "type": "string"
                },
                "is_active": {
                    "type": "boolean"
                },
                "location": {
                    "type": "string"
                },
                "name": {
                    "type": "string"
                },
                "price": {
                    "type": "number",
                    "minimum": 0
                }
            }
        }
    },
    "securityDefinitions": {
        "BearerAuth": {
            "description": "Tipo: Bearer Token",
            "type": "apiKey",
            "name": "Authorization",
            "in": "header"
        }
    }
}